{
    "0": {
        "Temps": 0.27127,
        "Cout": 458
    },
    "1": {
        "Temps": 0.528571,
        "Cout": 463
    },
    "2": {
        "Temps": 0.790869,
        "Cout": 465
    },
    "3": {
        "Temps": 1.070122,
        "Cout": 445
    },
    "4": {
        "Temps": 1.334414,
        "Cout": 476
    },
    "5": {
        "Temps": 1.588739,
        "Cout": 437
    },
    "6": {
        "Temps": 1.845062,
        "Cout": 459
    },
    "7": {
        "Temps": 2.103357,
        "Cout": 461
    },
    "8": {
        "Temps": 2.358688,
        "Cout": 457
    },
    "9": {
        "Temps": 2.626967,
        "Cout": 438
    },
    "10": {
        "Temps": 2.884279,
        "Cout": 447
    },
    "11": {
        "Temps": 3.142588,
        "Cout": 461
    },
    "12": {
        "Temps": 3.399888,
        "Cout": 429
    },
    "13": {
        "Temps": 3.660206,
        "Cout": 461
    },
    "14": {
        "Temps": 3.915522,
        "Cout": 413
    },
    "15": {
        "Temps": 4.176823,
        "Cout": 395
    },
    "16": {
        "Temps": 4.433124,
        "Cout": 380
    },
    "17": {
        "Temps": 4.711353,
        "Cout": 453
    },
    "18": {
        "Temps": 4.996591,
        "Cout": 369
    },
    "19": {
        "Temps": 5.281853,
        "Cout": 413
    },
    "20": {
        "Temps": 5.555135,
        "Cout": 401
    },
    "21": {
        "Temps": 5.82242,
        "Cout": 400
    },
    "22": {
        "Temps": 6.085678,
        "Cout": 376
    },
    "23": {
        "Temps": 6.363933,
        "Cout": 404
    },
    "24": {
        "Temps": 6.625234,
        "Cout": 396
    },
    "25": {
        "Temps": 6.88756,
        "Cout": 414
    },
    "26": {
        "Temps": 7.149878,
        "Cout": 388
    },
    "27": {
        "Temps": 7.414122,
        "Cout": 372
    },
    "28": {
        "Temps": 7.68041,
        "Cout": 421
    },
    "29": {
        "Temps": 7.957669,
        "Cout": 400
    },
    "30": {
        "Temps": 8.228944,
        "Cout": 414
    },
    "31": {
        "Temps": 8.502211,
        "Cout": 374
    },
    "32": {
        "Temps": 8.771516,
        "Cout": 394
    },
    "33": {
        "Temps": 9.046811,
        "Cout": 364
    },
    "34": {
        "Temps": 9.319058,
        "Cout": 402
    },
    "35": {
        "Temps": 9.5903,
        "Cout": 373
    },
    "36": {
        "Temps": 9.856626,
        "Cout": 400
    },
    "37": {
        "Temps": 10.131877,
        "Cout": 408
    },
    "38": {
        "Temps": 10.403151,
        "Cout": 404
    },
    "39": {
        "Temps": 10.670446,
        "Cout": 405
    },
    "40": {
        "Temps": 10.937721,
        "Cout": 418
    },
    "41": {
        "Temps": 11.197037,
        "Cout": 411
    },
    "42": {
        "Temps": 11.453354,
        "Cout": 383
    },
    "43": {
        "Temps": 11.709655,
        "Cout": 374
    },
    "44": {
        "Temps": 11.965969,
        "Cout": 403
    },
    "45": {
        "Temps": 12.224278,
        "Cout": 358
    },
    "46": {
        "Temps": 12.482602,
        "Cout": 356
    },
    "47": {
        "Temps": 12.737915,
        "Cout": 398
    },
    "48": {
        "Temps": 12.994231,
        "Cout": 395
    },
    "49": {
        "Temps": 13.252526,
        "Cout": 367
    },
    "50": {
        "Temps": 13.508819,
        "Cout": 385
    },
    "51": {
        "Temps": 13.764168,
        "Cout": 401
    },
    "52": {
        "Temps": 14.024475,
        "Cout": 397
    },
    "53": {
        "Temps": 14.285774,
        "Cout": 386
    },
    "54": {
        "Temps": 14.556015,
        "Cout": 350
    },
    "55": {
        "Temps": 14.818314,
        "Cout": 379
    },
    "56": {
        "Temps": 15.081608,
        "Cout": 437
    },
    "57": {
        "Temps": 15.350904,
        "Cout": 385
    },
    "58": {
        "Temps": 15.613186,
        "Cout": 399
    },
    "59": {
        "Temps": 15.872493,
        "Cout": 374
    },
    "60": {
        "Temps": 16.135813,
        "Cout": 411
    },
    "61": {
        "Temps": 16.395133,
        "Cout": 344
    },
    "62": {
        "Temps": 16.650447,
        "Cout": 412
    },
    "63": {
        "Temps": 16.923704,
        "Cout": 412
    },
    "64": {
        "Temps": 17.201961,
        "Cout": 389
    },
    "65": {
        "Temps": 17.459285,
        "Cout": 346
    },
    "66": {
        "Temps": 17.719586,
        "Cout": 415
    },
    "67": {
        "Temps": 17.977885,
        "Cout": 397
    },
    "68": {
        "Temps": 18.236193,
        "Cout": 388
    },
    "69": {
        "Temps": 18.493517,
        "Cout": 398
    },
    "70": {
        "Temps": 18.748821,
        "Cout": 390
    },
    "71": {
        "Temps": 19.00517,
        "Cout": 382
    },
    "72": {
        "Temps": 19.263459,
        "Cout": 395
    },
    "73": {
        "Temps": 19.52077,
        "Cout": 388
    },
    "74": {
        "Temps": 19.78107,
        "Cout": 398
    },
    "75": {
        "Temps": 20.038371,
        "Cout": 379
    },
    "76": {
        "Temps": 20.298686,
        "Cout": 389
    },
    "77": {
        "Temps": 20.557981,
        "Cout": 381
    },
    "78": {
        "Temps": 20.815292,
        "Cout": 378
    },
    "79": {
        "Temps": 21.075609,
        "Cout": 380
    },
    "80": {
        "Temps": 21.332907,
        "Cout": 350
    },
    "81": {
        "Temps": 21.59321,
        "Cout": 351
    },
    "82": {
        "Temps": 21.854512,
        "Cout": 351
    },
    "83": {
        "Temps": 22.113832,
        "Cout": 389
    },
    "84": {
        "Temps": 22.374135,
        "Cout": 416
    },
    "85": {
        "Temps": 22.632405,
        "Cout": 416
    },
    "86": {
        "Temps": 22.894704,
        "Cout": 404
    },
    "87": {
        "Temps": 23.157002,
        "Cout": 378
    },
    "88": {
        "Temps": 23.415336,
        "Cout": 353
    },
    "89": {
        "Temps": 23.670666,
        "Cout": 354
    },
    "90": {
        "Temps": 23.929959,
        "Cout": 357
    },
    "91": {
        "Temps": 24.190237,
        "Cout": 369
    },
    "92": {
        "Temps": 24.461512,
        "Cout": 357
    },
    "93": {
        "Temps": 24.718848,
        "Cout": 346
    },
    "94": {
        "Temps": 24.978154,
        "Cout": 376
    },
    "95": {
        "Temps": 25.23746,
        "Cout": 407
    },
    "96": {
        "Temps": 25.494786,
        "Cout": 409
    },
    "97": {
        "Temps": 25.752095,
        "Cout": 361
    },
    "98": {
        "Temps": 26.012362,
        "Cout": 358
    },
    "99": {
        "Temps": 26.275682,
        "Cout": 356
    }
}